Date,USGG10YR Index,VIX Index,DXY Curncy,Indice des prix à la consommation (IPC),Indice des prix des dépenses de consommation personnelle (PCE),Inflation 'noyau' (Core CPI),Taux de chômage,Taux de participation au marché du travail,Créations d'emplois non agricoles (Nonfarm Payrolls),Produit intérieur brut (PIB),Ventes au détail,Commandes de biens durables,Indice de confiance des consommateurs du Conference Board,Indice de sentiment des consommateurs de l'Université du Michigan,Indice des prix à la production (PPI),Observation Value,Observation Value_EIUIR,Observation Value_EIUIQ,Actuel,Rate Change Indicator
1992-01-01,7.309999942779541,17.399999618530273,87.48999786376953,138.3,62.638,145.1,7.3,66.3,108367.0,10236.435,130617.0,,,67.5,115.6,7.3,94.0,95.7,,
1992-02-01,7.269999980926514,16.68000030517578,88.98999786376953,138.6,62.797,145.4,7.4,66.2,108312.0,10236.435,130396.0,114535.0,-0.66446,68.8,116.0,7.4,94.0,96.3,,
1992-03-01,7.539999961853027,16.18000030517578,89.6500015258789,139.1,62.949,145.9,7.4,66.4,108361.0,10236.435,130385.0,120025.0,-0.66365,76.0,116.1,7.4,93.9,96.2,,
1992-04-01,7.610000133514404,15.529999732971191,89.62000274658203,139.4,63.119,146.3,7.4,66.5,108515.0,10347.429,130933.0,124470.0,-0.67608,77.2,116.3,7.4,93.6,96.4,0.0375,1.0
1992-05-01,7.329999923706055,13.859999656677246,87.22000122070312,139.7,63.203,146.8,7.6,66.6,108648.0,10347.429,131255.0,125822.0,-0.785,79.2,117.2,7.6,94.0,96.7,,
1992-06-01,7.139999866485596,13.350000381469727,83.72000122070312,140.1,63.315,147.1,7.8,66.7,108717.0,10347.429,131296.0,122834.0,-0.86549,80.4,118.0,7.8,94.8,96.5,,
1992-07-01,6.71999979019165,13.170000076293945,81.91000366210938,140.5,63.524,147.6,7.7,66.7,108799.0,10449.673,132058.0,122590.0,-0.91902,76.6,117.9,7.7,95.3,96.6,0.0325,1.0
1992-08-01,6.619999885559082,13.579999923706055,78.87999725341797,140.8,63.609,147.9,7.6,66.6,108923.0,10449.673,133215.0,120411.0,-0.94557,76.1,117.7,7.6,95.7,96.3,,
1992-09-01,6.369999885559082,14.279999732971191,81.0999984741211,141.1,63.713,148.1,7.6,66.5,108954.0,10449.673,133510.0,120711.0,-0.91018,75.6,118.0,7.6,95.9,96.6,0.03,1.0
1992-10-01,6.800000190734863,16.149999618530273,87.62999725341797,141.7,63.938,148.8,7.3,66.2,109135.0,10558.648,134653.0,127392.0,-0.81094,73.3,118.1,7.3,96.6,96.3,,
1992-11-01,6.949999809265137,13.010000228881836,90.83999633789062,142.1,64.064,149.2,7.4,66.3,109280.0,10558.648,135075.0,122374.0,-0.66389,85.3,117.8,7.4,96.0,96.2,,
1992-12-01,6.699999809265137,12.569999694824219,92.36000061035156,142.3,64.176,149.6,7.4,66.3,109500.0,10558.648,136833.0,126080.0,-0.71946,91.0,117.6,7.4,94.4,96.3,,
1993-01-01,6.389999866485596,12.420000076293945,92.45999908447266,142.8,64.332,150.1,7.3,66.2,109795.0,10576.275,137487.0,121637.0,-0.91644,89.3,118.0,7.3,94.3,96.4,,
1993-02-01,6.03000020980835,13.15999984741211,94.05000305175781,143.1,64.429,150.6,7.1,66.2,110044.0,10576.275,137021.0,128854.0,-0.96207,86.6,118.4,7.1,94.2,96.7,,
1993-03-01,6.03000020980835,12.529999732971191,91.87000274658203,143.3,64.561,150.8,7.0,66.2,109992.0,10576.275,136351.0,126762.0,-0.96595,85.9,118.7,7.0,94.7,96.6,,
1993-04-01,6.050000190734863,12.420000076293945,89.48999786376953,143.8,64.733,151.4,7.1,66.1,110295.0,10637.847,138228.0,127395.0,-0.99067,85.6,119.3,7.1,95.2,96.8,,
1993-05-01,6.159999847412109,13.470000267028809,89.08000183105469,144.2,64.933,151.8,7.1,66.4,110570.0,10637.847,139420.0,126529.0,-1.01381,80.3,119.7,7.1,95.5,97.1,,
1993-06-01,5.800000190734863,11.260000228881836,93.62999725341797,144.3,64.955,152.1,7.0,66.5,110751.0,10637.847,139265.0,130212.0,-0.99645,81.5,119.5,7.0,95.0,96.9,,
1993-07-01,5.829999923706055,11.729999542236328,95.37000274658203,144.5,65.059,152.3,6.9,66.4,111060.0,10688.606,140453.0,128111.0,-1.04305,77.0,119.2,6.9,94.5,97.0,,
1993-08-01,5.449999809265137,11.850000381469727,93.94999694824219,144.8,65.17,152.8,6.8,66.4,111209.0,10688.606,140203.0,129378.0,-1.12146,77.3,118.7,6.8,94.4,97.0,,
1993-09-01,5.400000095367432,12.989999771118164,92.81999969482422,145.0,65.238,152.9,6.7,66.2,111454.0,10688.606,141570.0,127233.0,-1.11522,77.9,118.7,6.7,94.5,96.9,,
1993-10-01,5.388000011444092,11.460000038146973,95.08000183105469,145.6,65.443,153.4,6.8,66.3,111734.0,10833.987,142027.0,133168.0,-1.06719,82.7,119.1,6.8,94.9,96.9,,
1993-11-01,5.795000076293945,13.760000228881836,96.20999908447266,146.0,65.567,153.9,6.6,66.3,111990.0,10833.987,142670.0,130391.0,-1.00224,81.2,119.0,6.6,94.4,97.0,,
1993-12-01,5.7829999923706055,11.65999984741211,96.83999633789062,146.3,65.582,154.3,6.5,66.4,112324.0,10833.987,143603.0,133565.0,-0.96087,88.2,118.6,6.5,93.5,97.3,,
1994-01-01,5.638000011444092,10.630000114440918,95.58999633789062,146.3,65.604,154.5,6.6,66.6,112598.0,10939.116,142482.0,138498.0,-1.03023,94.3,119.1,6.6,93.5,98.0,,
1994-02-01,6.150000095367432,14.869999885559082,94.55000305175781,146.7,65.756,154.8,6.6,66.6,112779.0,10939.116,144389.0,137141.0,-1.03634,93.2,119.3,6.6,93.9,98.0,0.0325,3.0
1994-03-01,6.77400016784668,20.450000762939453,93.05999755859375,147.1,65.937,155.3,6.5,66.5,113240.0,10939.116,147104.0,136548.0,-0.93212,91.5,119.7,6.5,94.0,98.2,0.035,3.0
1994-04-01,7.034999847412109,13.770000457763672,92.12000274658203,147.2,66.015,155.5,6.4,66.5,113587.0,11087.361,146567.0,140336.0,-0.75909,92.6,119.7,6.4,94.7,98.2,0.0375,3.0
1994-05-01,7.1519999504089355,13.029999732971191,92.5199966430664,147.5,66.111,155.9,6.1,66.6,113923.0,11087.361,146831.0,142630.0,-0.72716,92.8,119.9,6.1,95.5,98.5,0.0425,3.0
1994-06-01,7.328999996185303,14.970000267028809,89.62000274658203,147.9,66.272,156.4,6.1,66.4,114237.0,11087.361,148589.0,145063.0,-0.74917,91.2,120.5,6.1,96.3,98.5,,
1994-07-01,7.09499979019165,11.130000114440918,89.87000274658203,148.4,66.481,156.7,6.1,66.4,114607.0,11152.176,149266.0,145013.0,-0.72864,89.0,120.7,6.1,97.2,98.7,,
1994-08-01,7.164999961853027,11.970000267028809,89.66999816894531,149.0,66.634,157.1,6.0,66.6,114899.0,11152.176,150931.0,145884.0,-0.77569,91.7,121.2,6.0,97.6,98.9,0.0475,3.0
1994-09-01,7.598999977111816,14.279999732971191,87.87999725341797,149.3,66.708,157.5,5.9,66.6,115253.0,11152.176,151451.0,145487.0,-0.82216,91.5,121.0,5.9,97.2,99.1,,
1994-10-01,7.793000221252441,14.5600004196167,85.69000244140625,149.4,66.821,157.8,5.8,66.7,115458.0,11279.932,152530.0,149547.0,-0.68546,92.7,120.9,5.8,97.9,99.7,,
1994-11-01,7.888000011444092,15.949999809265137,89.12999725341797,149.8,66.948,158.2,5.6,66.7,115873.0,11279.932,152528.0,150038.0,-0.59338,91.6,121.5,5.6,98.5,100.4,0.055,3.0
1994-12-01,7.827000141143799,13.199999809265137,88.7300033569336,150.1,66.991,158.3,5.5,66.7,116176.0,11279.932,153761.0,152489.0,-0.5064,95.1,121.9,5.5,98.4,101.1,,
1995-01-01,7.5929999351501465,11.960000038146973,87.98999786376953,150.5,67.127,159.0,5.6,66.8,116504.0,11319.951,154349.0,150459.0,-0.39315,97.6,122.9,5.6,98.7,101.9,,
1995-02-01,7.210000038146973,11.75,85.93000030517578,150.9,67.246,159.4,5.4,66.8,116693.0,11319.951,152497.0,153856.0,-0.51616,95.1,123.5,5.4,99.4,102.5,0.06,3.0
1995-03-01,7.189000129699707,13.369999885559082,81.9000015258789,151.2,67.37,159.9,5.4,66.7,116907.0,11319.951,153566.0,152888.0,-0.64717,90.3,123.9,5.4,99.9,103.0,,
1995-04-01,7.046000003814697,11.75,81.80000305175781,151.8,67.547,160.4,5.8,66.9,117065.0,11353.721,153976.0,151401.0,-0.65659,92.5,124.6,5.8,100.9,104.0,,
1995-05-01,6.285999774932861,12.850000381469727,82.56999969482422,152.1,67.651,160.7,5.6,66.5,117050.0,11353.721,155268.0,152838.0,-0.69632,89.8,124.9,5.6,101.8,104.3,,
1995-06-01,6.203000068664551,11.380000114440918,81.58000183105469,152.4,67.717,161.1,5.6,66.5,117286.0,11353.721,155848.0,150051.0,-0.75834,92.7,125.3,5.6,101.4,104.5,,
1995-07-01,6.428999900817871,13.489999771118164,81.56999969482422,152.6,67.802,161.4,5.7,66.6,117377.0,11450.31,156088.0,148915.0,-0.71264,94.4,125.3,5.7,101.1,104.8,0.0575,1.0
1995-08-01,6.2729997634887695,11.520000457763672,85.56999969482422,152.9,67.948,161.8,5.7,66.6,117639.0,11450.31,156773.0,154372.0,-0.71624,96.2,125.1,5.7,100.8,104.3,,
1995-09-01,6.1570000648498535,12.739999771118164,84.29000091552734,153.1,67.995,162.2,5.6,66.6,117880.0,11450.31,157818.0,160175.0,-0.74984,88.9,125.2,5.6,100.8,104.4,,
1995-10-01,6.002999782562256,13.829999923706055,83.66000366210938,153.5,68.171,162.7,5.5,66.6,118029.0,11528.067,156905.0,155473.0,-0.73061,90.2,125.3,5.5,100.4,104.5,,
1995-11-01,5.744999885559082,11.579999923706055,85.26000213623047,153.7,68.169,163.0,5.6,66.5,118168.0,11528.067,158801.0,156146.0,-0.74406,88.2,125.4,5.6,100.6,104.5,,
1995-12-01,5.574999809265137,12.520000457763672,84.76000213623047,153.9,68.3,163.1,5.6,66.4,118325.0,11528.067,160236.0,163279.0,-0.79633,91.0,125.7,5.6,101.0,104.4,0.055,1.0
1996-01-01,5.580999851226807,12.529999732971191,87.37999725341797,154.7,68.452,163.7,5.6,66.4,118318.0,11614.418,158350.0,155806.0,-0.77557,89.3,126.3,5.6,101.2,104.9,0.0525,1.0
1996-02-01,6.111999988555908,17.040000915527344,86.29000091552734,155.0,68.56,164.0,5.5,66.6,118734.0,11614.418,159720.0,150773.0,-0.83305,88.5,126.2,5.5,101.0,104.7,,
1996-03-01,6.334000110626221,18.8799991607666,86.5199966430664,155.5,68.767,164.4,5.5,66.6,118990.0,11614.418,161543.0,164976.0,-0.84421,93.7,126.4,5.5,101.6,104.6,,
1996-04-01,6.632999897003174,15.829999923706055,88.0199966430664,156.1,68.973,164.6,5.6,66.7,119156.0,11808.14,163145.0,156830.0,-0.74336,92.7,127.4,5.6,102.5,105.2,,
1996-05-01,6.843999862670898,16.06999969482422,87.77999877929688,156.4,69.092,165.0,5.6,66.7,119489.0,11808.14,164099.0,164502.0,-0.71103,89.4,128.1,5.6,101.8,105.6,,
1996-06-01,6.710999965667725,13.680000305175781,87.81999969482422,156.7,69.091,165.4,5.3,66.7,119770.0,11808.14,164270.0,164599.0,-0.74857,92.4,128.0,5.3,100.7,105.4,,
1996-07-01,6.789999961853027,19.459999084472656,85.9000015258789,157.0,69.237,165.7,5.5,66.9,120016.0,11914.063,164328.0,163588.0,-0.71969,94.7,128.0,5.5,100.6,104.9,,
1996-08-01,6.935999870300293,17.010000228881836,86.36000061035156,157.2,69.303,166.0,5.1,66.7,120201.0,11914.063,164886.0,157310.0,-0.73345,95.3,128.3,5.1,100.7,104.7,,
1996-09-01,6.698999881744385,16.950000762939453,87.94000244140625,157.7,69.499,166.5,5.2,66.9,120402.0,11914.063,166072.0,165442.0,-0.77623,94.7,128.2,5.2,101.8,103.9,,
1996-10-01,6.348999977111816,18.110000610351562,87.43000030517578,158.2,69.709,166.8,5.2,67.0,120663.0,12037.775,167610.0,165266.0,-0.74462,96.5,128.0,5.2,102.4,103.6,,
1996-11-01,6.039999961853027,17.139999389648438,87.91999816894531,158.7,69.833,167.2,5.4,67.0,120949.0,12037.775,168253.0,170783.0,-0.80736,99.2,128.2,5.4,102.2,103.2,,
1996-12-01,6.4070000648498535,20.920000076293945,88.18000030517578,159.1,69.914,167.4,5.4,67.0,121145.0,12037.775,169156.0,162332.0,-0.80478,96.9,129.1,5.4,102.5,103.2,,
1997-01-01,6.502999782562256,19.469999313354492,93.04000091552734,159.4,70.005,167.8,5.3,67.0,121363.0,12115.472,169471.0,161827.0,-0.71826,97.4,129.7,5.3,102.2,103.3,,
1997-02-01,6.534999847412109,21.100000381469727,94.88999938964844,159.7,70.151,168.1,5.2,66.9,121675.0,12115.472,170821.0,170221.0,-0.71844,99.7,128.5,5.2,101.2,103.5,,
1997-03-01,6.9070000648498535,22.139999389648438,94.72000122070312,159.8,70.225,168.4,5.2,67.1,121989.0,12115.472,171928.0,167568.0,-0.75403,100.0,127.3,5.2,100.0,103.6,0.055,3.0
1997-04-01,6.702000141143799,20.059999465942383,97.18000030517578,159.9,70.294,168.9,5.1,67.1,122284.0,12317.221,170754.0,174054.0,-0.70032,101.4,127.0,5.1,98.8,103.6,,
1997-05-01,6.663000106811523,19.190000534057617,94.8499984741211,159.9,70.262,169.2,4.9,67.1,122551.0,12317.221,170738.0,168586.0,-0.64201,103.2,127.4,4.9,98.8,103.4,,
1997-06-01,6.501999855041504,21.530000686645508,95.66999816894531,160.2,70.352,169.4,5.0,67.1,122816.0,12317.221,171991.0,174828.0,-0.63139,104.5,127.2,5.0,98.8,103.2,,
1997-07-01,6.004000186920166,21.479999542236328,99.63999938964844,160.4,70.394,169.7,4.9,67.2,123112.0,12471.01,173448.0,178860.0,-0.64125,107.1,126.9,4.9,98.5,103.2,,
1997-08-01,6.329999923706055,24.760000228881836,99.0,160.8,70.45,169.8,4.8,67.2,123092.0,12471.01,173821.0,177302.0,-0.66528,104.4,127.2,4.8,98.4,103.2,,
1997-09-01,6.10699987411499,22.90999984741211,97.11000061035156,161.2,70.62,170.2,4.9,67.1,123577.0,12471.01,174978.0,177835.0,-0.64839,106.0,127.5,4.9,98.4,102.9,,
1997-10-01,5.818999767303467,35.09000015258789,95.63999938964844,161.5,70.712,170.6,4.7,67.1,123923.0,12577.495,174980.0,177801.0,-0.61326,105.6,127.8,4.7,98.6,102.5,,
1997-11-01,5.85099983215332,27.43000030517578,97.79000091552734,161.7,70.716,170.8,4.6,67.2,124230.0,12577.495,175126.0,191187.0,-0.50864,107.2,127.9,4.6,98.1,102.5,,
1997-12-01,5.738999843597412,24.010000228881836,99.6500015258789,161.8,70.701,171.2,4.7,67.2,124551.0,12577.495,175418.0,173770.0,-0.47395,102.1,126.8,4.7,97.2,102.0,,
1998-01-01,5.51200008392334,21.469999313354492,100.79000091552734,162.0,70.736,171.6,4.6,67.1,124813.0,12703.742,176093.0,174288.0,-0.51812,106.6,125.4,4.6,95.9,101.3,,
1998-02-01,5.616000175476074,18.549999237060547,99.81999969482422,162.0,70.699,171.9,4.6,67.1,125018.0,12703.742,176843.0,181270.0,-0.61604,110.4,125.0,4.6,95.0,101.0,,
1998-03-01,5.6620001792907715,24.219999313354492,101.5,162.0,70.71,172.2,4.7,67.1,125164.0,12703.742,176948.0,176886.0,-0.66203,106.5,124.7,4.7,94.1,100.7,,
1998-04-01,5.666999816894531,21.18000030517578,99.70999908447266,162.2,70.798,172.5,4.3,67.0,125445.0,12821.339,178522.0,180915.0,-0.63743,108.7,124.9,4.3,93.9,100.3,,
1998-05-01,5.546000003814697,21.31999969482422,100.44999694824219,162.6,70.895,172.9,4.4,67.0,125846.0,12821.339,179193.0,180634.0,-0.60484,106.5,125.1,4.4,93.7,100.4,,
1998-06-01,5.434000015258789,19.709999084472656,101.16999816894531,162.8,70.835,173.2,4.5,67.0,126077.0,12821.339,179707.0,172189.0,-0.58065,105.6,124.8,4.5,93.1,99.9,,
1998-07-01,5.49399995803833,24.799999237060547,101.19999694824219,163.2,71.01,173.5,4.5,67.0,126209.0,12982.752,181091.0,170459.0,-0.56089,105.2,124.9,4.5,92.3,99.5,,
1998-08-01,5.0320000648498535,44.279998779296875,100.19999694824219,163.4,71.108,174.0,4.5,67.0,126547.0,12982.752,181382.0,179033.0,-0.51926,104.4,124.2,4.5,92.0,99.0,,
1998-09-01,4.409999847412109,40.95000076293945,96.16999816894531,163.5,71.067,174.2,4.6,67.2,126745.0,12982.752,181354.0,181422.0,-0.30466,100.9,123.8,4.6,92.2,98.5,0.0525,1.0
1998-10-01,4.603000164031982,28.049999237060547,93.7300033569336,163.9,71.223,174.4,4.5,67.2,126950.0,13191.67,183255.0,178527.0,-0.06103,97.4,124.0,4.5,92.3,98.4,0.05,1.0
1998-11-01,4.72599983215332,26.010000228881836,96.19999694824219,164.1,71.226,174.8,4.4,67.1,127225.0,13191.67,184474.0,182400.0,-0.00401,102.7,123.6,4.4,91.8,98.6,0.0475,1.0
1998-12-01,4.638000011444092,24.420000076293945,94.16999816894531,164.4,71.298,175.4,4.4,67.2,127598.0,13191.67,186057.0,178424.0,-0.12146,100.5,122.8,4.4,91.0,98.5,,
1999-01-01,4.6529998779296875,26.25,96.08000183105469,164.7,71.398,175.6,4.3,67.2,127704.0,13315.597,186333.0,186527.0,-0.21466,103.9,122.9,4.3,91.3,98.5,,
1999-02-01,5.271999835968018,27.8799991607666,98.68000030517578,164.7,71.358,175.6,4.4,67.2,128118.0,13315.597,188260.0,185546.0,-0.28047,108.1,122.3,4.4,91.2,98.3,,
1999-03-01,5.234000205993652,23.260000228881836,100.0999984741211,164.8,71.412,175.7,4.2,67.0,128233.0,13315.597,189026.0,184689.0,-0.36496,105.7,122.6,4.2,91.5,97.9,,
1999-04-01,5.349999904632568,25.06999969482422,101.0,165.9,71.757,176.3,4.3,67.1,128595.0,13426.748,190327.0,182993.0,-0.40924,104.6,123.6,4.3,92.4,98.1,,
1999-05-01,5.611000061035156,25.389999389648438,102.51000213623047,166.0,71.804,176.5,4.2,67.1,128810.0,13426.748,191524.0,185963.0,-0.43217,106.8,124.7,4.2,93.1,98.2,,
1999-06-01,5.809999942779541,21.09000015258789,102.8499984741211,166.0,71.826,176.6,4.3,67.1,129088.0,13426.748,191997.0,182590.0,-0.40208,107.3,125.2,4.3,92.9,98.2,0.05,3.0
1999-07-01,5.9070000648498535,24.639999389648438,99.75,166.7,72.017,177.1,4.3,67.1,129423.0,13604.771,192947.0,189083.0,-0.32727,106.0,125.7,4.3,93.8,98.1,,
1999-08-01,5.979000091552734,24.450000762939453,99.94999694824219,167.1,72.148,177.3,4.2,67.0,129569.0,13604.771,194517.0,189414.0,-0.19946,104.5,126.9,4.2,94.8,98.4,0.0525,3.0
1999-09-01,5.885000228881836,25.40999984741211,98.54000091552734,167.8,72.407,177.8,4.2,67.0,129781.0,13604.771,196167.0,188910.0,-0.14212,107.2,128.0,4.2,95.8,98.5,,
1999-10-01,6.002999782562256,22.200000762939453,99.05999755859375,168.1,72.529,178.1,4.1,67.0,130179.0,13827.98,197299.0,194547.0,-0.07333,103.2,127.7,4.1,96.0,98.8,,
1999-11-01,6.163000106811523,24.18000030517578,101.98999786376953,168.4,72.594,178.4,4.1,67.1,130467.0,13827.98,198696.0,186597.0,-0.08957,107.2,128.3,4.1,96.7,99.0,0.055,3.0
1999-12-01,6.434999942779541,24.639999389648438,101.87000274658203,168.8,72.763,178.7,4.0,67.1,130781.0,13827.98,203954.0,196344.0,-0.16183,105.4,127.8,4.0,97.4,99.0,,
2000-01-01,6.666999816894531,24.950000762939453,105.12999725341797,169.3,72.961,179.3,4.0,67.3,131009.0,13878.147,200365.0,201360.0,-0.15059,112.0,128.3,4.0,97.8,99.2,,
2000-02-01,6.408999919891357,23.3700008392334,105.91999816894531,170.0,73.191,179.4,4.1,67.3,131120.0,13878.147,202935.0,183911.0,-0.20303,111.3,129.8,4.1,99.7,99.6,0.0575,3.0
2000-03-01,6.0229997634887695,24.110000610351562,105.44000244140625,171.0,73.505,180.0,4.0,67.3,131604.0,13878.147,206759.0,192130.0,-0.18276,107.1,130.8,4.0,99.9,100.0,0.06,3.0
2000-04-01,6.214000225067139,26.200000762939453,110.13999938964844,170.9,73.444,180.3,3.8,67.3,131883.0,14130.908,205234.0,195044.0,-0.07698,109.2,130.7,3.8,98.5,100.0,,
2000-05-01,6.284999847412109,23.649999618530273,108.73999786376953,171.2,73.505,180.7,4.0,67.1,132106.0,14130.908,205613.0,188606.0,-0.01617,110.7,131.6,4.0,98.8,100.2,0.065,3.0
2000-06-01,6.01800012588501,19.540000915527344,106.83999633789062,172.2,73.754,181.1,4.0,67.1,132060.0,14130.908,206784.0,219745.0,0.05805,106.4,133.8,4.0,100.2,100.1,,
2000-07-01,6.0289998054504395,20.739999771118164,109.56999969482422,172.7,73.939,181.5,4.0,66.9,132228.0,14145.312,207425.0,189265.0,0.02036,108.3,133.7,4.0,100.2,100.0,,
2000-08-01,5.729000091552734,16.84000015258789,112.5999984741211,172.7,73.934,181.9,4.1,66.9,132231.0,14145.312,207607.0,188730.0,-0.10311,107.3,132.9,4.1,100.4,99.8,,
2000-09-01,5.7779998779296875,20.56999969482422,113.25,173.6,74.252,182.3,3.9,66.9,132357.0,14145.312,210698.0,199947.0,-0.19132,106.8,134.7,3.9,101.6,100.4,,
2000-10-01,5.756999969482422,23.6299991607666,116.6500015258789,173.9,74.353,182.6,3.9,66.8,132352.0,14229.765,210719.0,186158.0,-0.18493,105.8,135.4,3.9,101.2,100.3,,
2000-11-01,5.439000129699707,29.649999618530273,115.23999786376953,174.2,74.457,183.1,3.9,66.9,132553.0,14229.765,211384.0,189392.0,-0.1577,107.6,135.0,3.9,101.2,100.3,,
2000-12-01,5.110000133514404,26.850000381469727,109.55999755859375,174.6,74.571,183.3,3.9,67.0,132718.0,14229.765,212267.0,188659.0,-0.07533,98.4,136.2,3.9,100.5,100.1,,
2001-01-01,5.178999900817871,22.020000457763672,110.5199966430664,175.6,74.932,183.9,4.2,67.2,132699.0,14183.12,212908.0,177056.0,-0.07202,94.7,140.0,4.2,100.5,100.3,0.055,1.0
2001-01-01,5.178999900817871,22.020000457763672,110.5199966430664,175.6,74.932,183.9,4.2,67.2,132699.0,14183.12,212908.0,177056.0,-0.07202,94.7,140.0,4.2,100.5,100.3,0.06,1.0
2001-02-01,4.9079999923706055,28.350000381469727,112.01000213623047,176.0,75.048,184.4,4.2,67.1,132786.0,14183.12,212585.0,180276.0,-0.22533,90.6,137.4,4.2,99.9,100.2,,
2001-03-01,4.914999961853027,28.639999389648438,117.37000274658203,176.1,75.055,184.7,4.3,67.2,132751.0,14183.12,210779.0,182209.0,-0.27635,91.5,135.9,4.3,98.3,100.0,0.05,1.0
2001-04-01,5.3379998207092285,25.479999542236328,115.8499984741211,176.4,75.187,185.1,4.4,66.9,132455.0,14271.694,213875.0,171850.0,-0.24343,88.4,136.4,4.4,97.8,99.9,0.045,1.0
2001-05-01,5.413000106811523,22.639999389648438,119.06999969482422,177.3,75.385,185.3,4.3,66.7,132411.0,14271.694,214457.0,177749.0,-0.32925,92.0,136.8,4.3,98.0,99.6,0.04,1.0
2001-06-01,5.389999866485596,19.059999465942383,119.43000030517578,177.7,75.518,186.0,4.5,66.7,132296.0,14271.694,213691.0,176350.0,-0.42787,92.6,135.5,4.5,97.6,99.4,0.0375,1.0
2001-07-01,5.0370001792907715,21.6200008392334,117.18000030517578,177.4,75.493,186.4,4.6,66.8,132173.0,14214.516,213437.0,170129.0,-0.45692,92.4,133.4,4.6,96.1,99.0,,
2001-08-01,4.815999984741211,24.920000076293945,113.41999816894531,177.4,75.484,186.7,4.9,66.5,132024.0,14214.516,215063.0,170484.0,-0.5021,91.5,133.4,4.9,96.0,98.8,0.035,1.0
2001-09-01,4.574999809265137,31.93000030517578,113.4800033569336,178.1,75.227,187.1,5.0,66.8,131765.0,14214.516,212155.0,164123.0,-0.43502,81.8,133.3,5.0,95.9,99.0,0.03,1.0
2001-10-01,4.263000011444092,33.560001373291016,114.86000061035156,177.6,75.492,187.4,5.3,66.7,131452.0,14253.574,214085.0,171530.0,-0.32583,82.7,130.3,5.3,93.7,98.3,0.025,1.0
2001-11-01,4.74399995803833,23.84000015258789,116.12999725341797,177.5,75.441,188.1,5.5,66.7,131141.0,14253.574,214698.0,163811.0,-0.39222,83.9,129.8,5.5,92.3,97.8,0.02,1.0
2001-12-01,5.0320000648498535,23.799999237060547,116.75,177.4,75.363,188.4,5.7,66.7,130984.0,14253.574,215485.0,165304.0,-0.3691,88.8,128.1,5.7,91.4,97.6,0.0175,1.0
2002-01-01,5.025000095367432,21.09000015258789,120.23999786376953,177.7,75.431,188.7,5.7,66.5,130853.0,14372.785,215843.0,163324.0,-0.35159,93.0,128.5,5.7,91.6,97.5,,
2002-02-01,4.859000205993652,21.59000015258789,119.16000366210938,178.0,75.558,189.1,5.7,66.8,130732.0,14372.785,216886.0,172406.0,-0.48322,90.7,128.4,5.7,91.6,97.3,,
2002-03-01,5.406000137329102,17.399999618530273,118.62000274658203,178.5,75.763,189.2,5.7,66.6,130720.0,14372.785,217692.0,167853.0,-0.4919,95.7,129.8,5.7,92.8,97.6,,
2002-04-01,5.091000080108643,21.90999984741211,115.19000244140625,179.3,76.08,189.7,5.9,66.7,130616.0,14460.848,220582.0,171852.0,-0.5045,93.0,130.8,5.9,94.3,98.0,,
2002-05-01,5.043000221252441,19.979999542236328,111.80999755859375,179.5,76.13,190.0,5.8,66.7,130632.0,14460.848,219889.0,171854.0,-0.58383,96.9,130.8,5.8,94.4,98.0,,
2002-06-01,4.823999881744385,25.399999618530273,106.11000061035156,179.6,76.225,190.2,5.8,66.6,130682.0,14460.848,220018.0,166070.0,-0.6242,92.4,130.9,5.8,94.1,98.0,,
2002-07-01,4.465000152587891,32.029998779296875,107.41000366210938,180.0,76.393,190.5,5.8,66.5,130585.0,14519.633,220441.0,174282.0,-0.5404,88.1,131.2,5.8,94.5,98.3,,
2002-08-01,4.13700008392334,32.63999938964844,106.9800033569336,180.5,76.543,191.1,5.7,66.6,130587.0,14519.633,220446.0,177126.0,-0.44148,87.6,131.5,5.7,94.8,98.5,,
2002-09-01,3.6070001125335693,39.689998626708984,106.87000274658203,180.8,76.681,191.3,5.7,66.7,130498.0,14519.633,220344.0,166838.0,-0.40433,86.1,132.3,5.7,95.5,98.8,,
2002-10-01,3.9110000133514404,31.139999389648438,106.63999938964844,181.2,76.821,191.5,5.7,66.6,130621.0,14537.58,222023.0,169134.0,-0.35897,80.6,133.2,5.7,95.5,98.7,,
2002-11-01,4.2129998207092285,27.5,106.41000366210938,181.5,76.897,191.9,5.9,66.4,130617.0,14537.58,223553.0,170023.0,-0.41309,84.2,133.1,5.9,94.6,98.8,0.0125,1.0
2002-12-01,3.818000078201294,28.6200008392334,101.8499984741211,181.8,76.971,192.1,6.0,66.3,130469.0,14537.58,224153.0,163962.0,-0.46054,86.7,132.9,6.0,95.2,98.6,,
2003-01-01,3.9749999046325684,31.170000076293945,99.91000366210938,182.6,77.201,192.4,5.8,66.4,130580.0,14614.141,225575.0,169994.0,-0.46808,82.4,135.3,5.8,96.9,98.9,,
2003-02-01,3.696000099182129,29.6299991607666,99.70999908447266,183.6,77.526,192.5,5.9,66.4,130443.0,14614.141,224632.0,174113.0,-0.53533,79.9,137.6,5.9,98.5,99.5,,
2003-03-01,3.822999954223633,29.149999618530273,99.05999755859375,183.9,77.725,192.5,5.9,66.3,130232.0,14614.141,227697.0,172245.0,-0.5433,77.6,141.2,5.9,99.1,99.7,,
2003-04-01,3.8570001125335693,21.209999084472656,97.19000244140625,183.2,77.593,192.5,6.0,66.4,130176.0,14743.567,226020.0,169347.0,-0.59271,86.0,136.8,6.0,96.0,99.6,,
2003-05-01,3.3499999046325684,19.469999313354492,93.2699966430664,182.9,77.504,192.9,6.1,66.4,130196.0,14743.567,226750.0,171542.0,-0.69915,92.1,136.7,6.1,95.3,99.7,,
2003-06-01,3.5280001163482666,19.520000457763672,94.7300033569336,183.1,77.588,193.0,6.3,66.5,130192.0,14743.567,229301.0,173507.0,-0.72589,89.7,138.0,6.3,96.2,99.5,0.01,1.0
2003-07-01,4.473999977111816,19.489999771118164,96.88999938964844,183.7,77.816,193.4,6.2,66.2,130184.0,14988.782,231698.0,173320.0,-0.72766,90.9,137.7,6.2,96.7,99.4,,
2003-08-01,4.453999996185303,18.6299991607666,98.0999984741211,184.5,78.079,193.6,6.1,66.1,130153.0,14988.782,234890.0,173044.0,-0.70683,89.3,138.0,6.1,96.7,99.4,,
2003-09-01,3.937000036239624,22.719999313354492,92.8499984741211,185.1,78.323,193.7,6.1,66.1,130252.0,14988.782,234749.0,178690.0,-0.66333,87.7,138.5,6.1,96.2,99.8,,
2003-10-01,4.301000118255615,16.100000381469727,92.7300033569336,184.9,78.333,194.0,6.0,66.1,130439.0,15162.76,234992.0,183704.0,-0.68168,89.6,139.3,6.0,96.3,100.0,,
2003-11-01,4.320000171661377,16.31999969482422,90.20999908447266,185.0,78.432,194.0,5.8,66.1,130482.0,15162.76,236789.0,181685.0,-0.71663,93.7,138.9,5.8,96.8,100.5,,
2003-12-01,4.256999969482422,18.309999465942383,86.91999816894531,185.5,78.605,194.2,5.7,65.9,130594.0,15162.76,237304.0,181513.0,-0.71672,92.6,139.5,5.7,97.5,100.8,,
2004-01-01,4.138000011444092,16.6299991607666,87.19999694824219,186.3,78.909,194.6,5.7,66.1,130766.0,15248.68,239984.0,178696.0,-0.72277,103.8,141.4,5.7,99.0,101.5,,
2004-02-01,3.9839999675750732,14.550000190734863,87.30999755859375,186.7,79.077,194.9,5.6,66.0,130822.0,15248.68,240300.0,181662.0,-0.79033,94.4,142.1,5.6,99.4,102.2,,
2004-03-01,3.8369998931884766,16.739999771118164,87.61000061035156,187.1,79.199,195.5,5.8,66.0,131139.0,15248.68,244775.0,190869.0,-0.82064,95.8,143.1,5.8,100.2,103.0,,
2004-04-01,4.500999927520752,17.190000534057617,90.4800033569336,187.4,79.346,195.9,5.6,65.9,131409.0,15366.85,243552.0,184368.0,-0.81115,94.2,144.8,5.6,100.4,103.7,,
2004-05-01,4.65500020980835,15.5,88.94999694824219,188.2,79.604,196.2,5.6,66.0,131693.0,15366.85,246143.0,183459.0,-0.74056,90.2,146.8,5.6,101.9,104.1,,
2004-06-01,4.617000102996826,14.34000015258789,88.80000305175781,188.9,79.831,196.6,5.6,66.1,131789.0,15366.85,245967.0,185640.0,-0.68965,95.6,147.2,5.6,101.7,103.4,0.0125,3.0
2004-07-01,4.474999904632568,15.319999694824219,89.95999908447266,189.1,79.905,196.8,5.5,66.1,131850.0,15512.619,247311.0,186835.0,-0.68222,96.7,147.4,5.5,102.1,103.9,,
2004-08-01,4.131999969482422,15.289999961853027,88.94000244140625,189.2,79.946,196.9,5.4,66.0,131936.0,15512.619,247612.0,183728.0,-0.68968,95.9,148.0,5.4,103.6,103.4,0.015,3.0
2004-09-01,4.11899995803833,13.34000015258789,87.36000061035156,189.8,80.104,197.5,5.4,65.8,132083.0,15512.619,249840.0,188444.0,-0.70132,94.2,147.7,5.4,104.1,103.8,0.0175,3.0
2004-10-01,4.0289998054504395,16.270000457763672,84.91000366210938,190.8,80.448,197.9,5.5,65.9,132435.0,15670.88,252882.0,185187.0,-0.70496,91.7,150.0,5.5,105.8,104.4,,
2004-11-01,4.357999801635742,13.239999771118164,81.81999969482422,191.7,80.758,198.3,5.4,66.0,132509.0,15670.88,254429.0,192545.0,-0.70818,92.8,151.4,5.4,105.5,104.7,0.02,3.0
2004-12-01,4.216000080108643,13.289999961853027,80.8499984741211,191.7,80.801,198.6,5.4,65.9,132633.0,15670.88,256487.0,193578.0,-0.72009,97.1,150.2,5.4,104.0,104.8,0.0225,3.0
2005-01-01,4.132999897003174,12.819999694824219,83.5999984741211,191.6,80.907,199.0,5.3,65.8,132779.0,15844.727,256613.0,194875.0,-0.69855,95.5,150.9,5.3,104.6,105.6,,
2005-02-01,4.359000205993652,12.079999923706055,82.51000213623047,192.4,81.132,199.4,5.4,65.9,133033.0,15844.727,259253.0,196475.0,-0.70559,94.1,151.6,5.4,105.5,105.7,0.025,3.0
2005-03-01,4.495999813079834,14.020000457763672,84.05999755859375,193.1,81.375,200.1,5.2,65.9,133154.0,15844.727,259434.0,186608.0,-0.72051,92.6,153.7,5.2,107.8,106.4,0.0275,3.0
2005-04-01,4.201000213623047,15.3100004196167,84.43000030517578,193.7,81.603,200.2,5.2,66.1,133515.0,15922.782,262934.0,194847.0,-0.65535,87.7,155.0,5.2,108.8,106.9,,
2005-05-01,4.00600004196167,13.289999961853027,87.76000213623047,193.6,81.649,200.5,5.1,66.1,133687.0,15922.782,261297.0,206623.0,-0.61673,86.9,154.3,5.1,107.9,106.7,0.03,3.0
2005-06-01,3.944999933242798,12.039999961853027,89.11000061035156,193.7,81.7,200.6,5.0,66.1,133939.0,15922.782,264359.0,210020.0,-0.60895,96.0,154.3,5.0,109.2,106.7,0.0325,3.0
2005-07-01,4.285999774932861,11.569999694824219,89.3499984741211,194.9,82.046,200.9,5.0,66.1,134297.0,16047.587,264971.0,194475.0,-0.61646,96.5,156.3,5.0,110.5,106.8,,
2005-08-01,4.019999980926514,12.600000381469727,87.58000183105469,196.1,82.377,201.1,4.9,66.2,134495.0,16047.587,269520.0,204839.0,-0.62616,89.1,157.6,4.9,112.1,106.6,0.035,3.0
2005-09-01,4.328000068664551,11.920000076293945,89.5199966430664,198.8,83.172,201.3,5.0,66.1,134552.0,16047.587,273329.0,203997.0,-0.6082,76.9,162.2,5.0,114.4,107.5,0.0375,3.0
2005-10-01,4.559000015258789,15.319999694824219,90.06999969482422,199.1,83.305,202.0,5.0,66.1,134646.0,16136.734,276244.0,209901.0,-0.56734,74.2,166.2,5.0,114.5,108.3,,
2005-11-01,4.5,12.0600004196167,91.56999969482422,198.1,83.131,202.5,5.0,66.0,135001.0,16136.734,274114.0,220733.0,-0.58851,81.6,163.7,5.0,112.3,107.6,0.04,3.0
2005-12-01,4.394999980926514,12.069999694824219,91.16999816894531,198.1,83.131,202.8,4.9,66.0,135160.0,16136.734,274073.0,221499.0,-0.5866,91.5,163.0,4.9,112.3,107.7,0.0425,3.0
2006-01-01,4.5269999504089355,12.949999809265137,88.95999908447266,199.3,83.534,203.2,4.7,66.0,135425.0,16353.835,280574.0,209540.0,-0.57103,91.2,164.3,4.7,113.7,108.5,0.045,3.0
2006-02-01,4.546999931335449,12.34000015258789,90.11000061035156,199.4,83.584,203.6,4.8,66.1,135732.0,16353.835,280598.0,219738.0,-0.62206,86.7,161.8,4.8,112.8,108.6,,
2006-03-01,4.853000164031982,11.390000343322754,89.7300033569336,199.7,83.746,204.3,4.7,66.2,136041.0,16353.835,281056.0,227188.0,-0.6513,88.9,162.2,4.7,112.7,108.8,0.0475,3.0
2006-04-01,5.068999767303467,11.59000015258789,86.11000061035156,200.7,84.135,204.8,4.7,66.1,136210.0,16396.151,282525.0,214625.0,-0.63557,87.4,164.3,4.7,115.1,109.6,,
2006-05-01,5.11299991607666,16.440000534057617,84.72000122070312,201.3,84.361,205.4,4.6,66.1,136247.0,16396.151,282623.0,215819.0,-0.63383,79.1,165.8,4.6,117.2,110.4,0.05,3.0
2006-06-01,5.138000011444092,13.079999923706055,85.22000122070312,201.8,84.569,205.9,4.6,66.2,136328.0,16396.151,282510.0,221220.0,-0.60432,84.9,166.1,4.6,117.3,111.2,0.0525,3.0
2006-07-01,4.98799991607666,14.949999809265137,85.30000305175781,202.9,84.858,206.3,4.7,66.1,136522.0,16420.738,283042.0,209494.0,-0.5397,84.7,166.8,4.7,118.2,111.6,,
2006-08-01,4.73199987411499,12.3100004196167,85.05000305175781,203.8,85.125,206.8,4.7,66.2,136688.0,16420.738,285504.0,210473.0,-0.56846,82.0,167.9,4.7,118.8,112.1,,
2006-09-01,4.632999897003174,11.979999542236328,85.97000122070312,202.8,84.902,207.2,4.5,66.1,136825.0,16420.738,284382.0,234701.0,-0.62365,85.4,165.4,4.5,116.2,111.7,,
2006-10-01,4.605999946594238,11.100000381469727,85.31999969482422,201.9,84.702,207.6,4.4,66.2,136849.0,16561.866,283015.0,216952.0,-0.61772,93.6,162.2,4.4,113.3,111.4,,
2006-11-01,4.458000183105469,10.90999984741211,82.91999816894531,202.0,84.731,207.8,4.5,66.3,137068.0,16561.866,283202.0,224809.0,-0.64783,92.1,164.6,4.5,113.8,111.8,,
2006-12-01,4.710000038146973,11.5600004196167,83.72000122070312,203.1,85.032,208.1,4.4,66.4,137251.0,16561.866,288292.0,229243.0,-0.64297,91.7,165.6,4.4,115.1,112.5,,
2007-01-01,4.826000213623047,10.420000076293945,84.61000061035156,203.437,85.316,208.6,4.6,66.4,137475.0,16611.69,288217.0,222969.0,-0.65035,96.9,164.0,4.6,113.7,113.0,,
2007-02-01,4.550000190734863,15.420000076293945,83.56999969482422,204.226,85.581,209.135,4.5,66.3,137556.0,16611.69,288165.0,220962.0,-0.70354,91.3,166.8,4.5,114.1,113.9,,
2007-03-01,4.6479997634887695,14.640000343322754,82.93000030517578,205.288,85.894,209.418,4.4,66.2,137782.0,16611.69,291686.0,229526.0,-0.68675,88.4,169.3,4.4,115.9,114.7,,
2007-04-01,4.630000114440918,14.220000267028809,81.44999694824219,205.904,86.096,209.747,4.5,65.9,137842.0,16713.314,289982.0,233420.0,-0.62269,87.1,171.4,4.5,117.5,115.2,,
2007-05-01,4.889999866485596,13.050000190734863,82.30000305175781,206.755,86.346,210.058,4.4,66.0,137993.0,16713.314,293748.0,228836.0,-0.60569,88.3,173.3,4.4,118.6,115.5,,
2007-06-01,5.0329999923706055,16.229999542236328,81.91999816894531,207.234,86.529,210.392,4.6,66.0,138072.0,16713.314,293360.0,228868.0,-0.55086,85.3,173.8,4.6,120.0,116.0,,
2007-07-01,4.770999908447266,23.520000457763672,80.7699966430664,207.603,86.661,210.773,4.7,66.0,138042.0,16809.587,294682.0,233176.0,-0.52324,90.4,175.1,4.7,121.5,116.1,,
2007-08-01,4.5370001792907715,23.3799991607666,80.79000091552734,207.667,86.72,211.119,4.6,65.8,138017.0,16809.587,294809.0,235758.0,-0.30271,83.4,172.4,4.6,121.1,116.3,,
2007-09-01,4.578999996185303,18.0,77.72000122070312,208.547,87.054,211.554,4.7,66.0,138103.0,16809.587,295693.0,226473.0,0.36425,83.4,173.5,4.7,121.8,116.7,0.0475,1.0
2007-10-01,4.474999904632568,18.530000686645508,76.4800033569336,209.19,87.318,212.077,4.7,65.8,138175.0,16915.191,297672.0,230700.0,0.16289,80.9,174.7,4.7,123.6,117.6,0.045,1.0
2007-11-01,3.9719998836517334,22.8700008392334,76.1500015258789,210.834,87.781,212.66,4.7,66.0,138291.0,16915.191,302939.0,227005.0,0.05048,76.1,179.0,4.7,127.5,118.7,,
2007-12-01,4.034999847412109,22.5,76.69999694824219,211.445,87.984,213.168,5.0,66.0,138396.0,16915.191,300953.0,244443.0,0.63178,75.5,178.6,5.0,127.3,119.3,0.0425,1.0
2008-01-01,3.6389999389648438,26.200000762939453,75.18000030517578,212.174,88.206,213.771,5.0,66.2,138397.0,16843.003,301402.0,239389.0,0.63011,78.4,181.0,5.0,129.2,120.7,0.03,1.0
2008-01-01,3.6389999389648438,26.200000762939453,75.18000030517578,212.174,88.206,213.771,5.0,66.2,138397.0,16843.003,301402.0,239389.0,0.63011,78.4,181.0,5.0,129.2,120.7,0.035,1.0
2008-02-01,3.5339999198913574,26.540000915527344,73.70999908447266,212.687,88.382,213.939,4.9,66.0,138326.0,16843.003,299627.0,235037.0,0.48026,70.8,182.7,4.9,129.5,121.8,,
2008-03-01,3.431999921798706,25.610000610351562,71.80000305175781,213.448,88.635,214.42,5.1,66.1,138256.0,16843.003,300971.0,234868.0,0.8157,69.5,187.9,5.1,133.5,123.8,0.0225,1.0
2008-04-01,3.759000062942505,20.790000915527344,72.51000213623047,213.942,88.799,214.56,5.0,65.9,138037.0,16943.291,302520.0,231086.0,0.96443,62.6,190.9,5.0,137.3,124.4,0.02,1.0
2008-05-01,4.046000003814697,17.829999923706055,72.87999725341797,215.208,89.18,214.936,5.4,66.1,137847.0,16943.291,306893.0,227370.0,0.62421,59.8,196.6,5.4,141.2,124.8,,
2008-06-01,3.9790000915527344,23.950000762939453,72.45999908447266,217.463,89.827,215.424,5.6,66.1,137689.0,16943.291,309294.0,229262.0,0.44103,56.4,200.5,5.6,145.5,126.1,0.02,2.0
2008-07-01,3.9790000915527344,22.940000534057617,73.2300033569336,219.016,90.245,215.965,5.8,66.1,137492.0,16854.295,310641.0,220411.0,0.7007,61.2,205.5,5.8,147.5,128.0,,
2008-08-01,3.812999963760376,20.649999618530273,77.37999725341797,218.69,90.172,216.393,6.1,66.1,137209.0,16854.295,307299.0,214106.0,0.64595,63.0,199.0,6.1,143.0,125.9,0.02,2.0
2008-09-01,3.8269999027252197,39.38999938964844,79.44999694824219,218.877,90.247,216.713,6.1,66.0,136759.0,16854.295,304180.0,215245.0,0.80121,70.3,196.9,6.1,137.8,124.9,0.02,2.0
2008-10-01,3.9700000286102295,59.88999938964844,85.62999725341797,216.995,89.651,216.788,6.5,66.0,136294.0,16485.35,296351.0,191912.0,1.93046,57.6,186.4,6.5,129.6,122.3,0.01,1.0
2008-10-01,3.9700000286102295,59.88999938964844,85.62999725341797,216.995,89.651,216.788,6.5,66.0,136294.0,16485.35,296351.0,191912.0,1.93046,57.6,186.4,6.5,129.6,122.3,0.015,1.0
2008-11-01,2.9570000171661377,55.279998779296875,86.5199966430664,213.153,88.593,216.947,6.8,65.9,135546.0,16485.35,284366.0,181552.0,2.68282,55.3,176.8,6.8,120.0,118.4,,
2008-12-01,2.24399995803833,40.0,81.30999755859375,211.398,88.098,216.925,7.3,65.8,134848.0,16485.35,277968.0,173849.0,2.87916,60.1,170.9,7.3,114.5,115.8,0.0025,1.0
2009-01-01,2.8440001010894775,44.84000015258789,86.0,211.933,88.108,217.346,7.8,65.7,134066.0,16298.262,281139.0,151085.0,2.44261,61.2,171.2,7.8,113.0,116.6,0.0025,2.0
2009-02-01,3.0409998893737793,46.349998474121094,88.01000213623047,212.705,88.266,217.792,8.3,65.8,133314.0,16298.262,281388.0,148834.0,1.84844,56.3,169.3,8.3,113.0,116.3,,
2009-03-01,2.684999942779541,44.13999938964844,85.43000030517578,212.495,88.169,218.253,8.7,65.6,132494.0,16298.262,276647.0,146323.0,1.87486,57.3,168.1,8.7,113.6,115.5,0.0025,2.0
2009-04-01,3.124000072479248,36.5,84.61000061035156,212.709,88.295,218.706,9.0,65.7,131825.0,16269.145,277795.0,147467.0,1.72249,65.1,169.1,9.0,114.8,116.1,0.0025,2.0
2009-05-01,3.4649999141693115,28.920000076293945,80.43000030517578,213.022,88.387,218.904,9.4,65.7,131470.0,16269.145,280167.0,149255.0,1.11068,68.7,170.8,9.4,116.8,116.6,,
2009-06-01,3.5230000019073486,26.350000381469727,80.12999725341797,214.79,88.912,219.112,9.5,65.7,131003.0,16269.145,283272.0,147033.0,0.76678,70.8,174.1,9.5,120.0,117.8,0.0025,2.0
2009-07-01,3.500999927520752,25.920000076293945,78.3499984741211,214.726,88.922,219.263,9.5,65.5,130661.0,16326.281,282769.0,153691.0,0.68432,66.0,172.5,9.5,119.3,117.4,,
2009-08-01,3.4010000228881836,26.010000228881836,78.16999816894531,215.445,89.18,219.496,9.6,65.4,130480.0,16326.281,284405.0,157489.0,0.33283,65.7,175.0,9.6,121.1,118.1,0.0025,2.0
2009-09-01,3.306999921798706,25.610000610351562,76.6500015258789,215.861,89.324,219.92,9.8,65.1,130241.0,16326.281,284973.0,158041.0,0.16237,73.5,174.1,9.8,121.3,117.9,0.0025,2.0
2009-10-01,3.3919999599456787,30.690000534057617,76.30000305175781,216.509,89.663,220.501,10.0,65.0,130061.0,16502.754,285185.0,161097.0,0.03828,70.6,175.2,10.0,122.3,117.9,,
2009-11-01,3.2009999752044678,24.510000228881836,74.87999725341797,217.234,89.887,220.666,9.9,65.0,130059.0,16502.754,287020.0,160419.0,-0.01858,67.4,177.4,9.9,124.1,118.9,0.0025,2.0
2009-12-01,3.8429999351501465,21.68000030517578,77.86000061035156,217.347,89.939,220.881,9.9,64.6,129807.0,16502.754,288993.0,160520.0,-0.08022,72.5,178.1,9.9,124.4,119.7,0.0025,2.0
2010-01-01,3.6089999675750732,24.6200008392334,79.45999908447266,217.488,90.136,220.633,9.8,64.8,129795.0,16582.71,289091.0,181016.0,-0.20971,74.4,181.9,9.8,125.9,120.7,0.0025,2.0
2010-02-01,3.5950000286102295,19.5,80.36000061035156,217.281,90.134,220.731,9.8,64.9,129702.0,16582.71,290921.0,180450.0,-0.2221,73.6,181.0,9.8,125.8,120.3,,
2010-03-01,3.8329999446868896,17.59000015258789,81.06999969482422,217.353,90.261,220.783,9.9,64.9,129865.0,16582.71,293264.0,182148.0,-0.28686,73.6,183.3,9.9,126.3,121.2,0.0025,2.0
2010-04-01,3.6630001068115234,22.049999237060547,81.87000274658203,217.403,90.31,220.822,9.9,65.2,130115.0,16743.162,295544.0,182948.0,-0.46421,72.2,184.4,9.9,127.7,122.5,0.0025,2.0
2010-05-01,3.3010001182556152,32.06999969482422,86.58999633789062,217.29,90.339,220.962,9.6,64.9,130645.0,16743.162,292491.0,189932.0,-0.39983,73.6,184.8,9.6,126.7,123.1,,
2010-06-01,2.9509999752044678,34.540000915527344,86.0199966430664,217.199,90.301,221.194,9.4,64.6,130501.0,16743.162,292228.0,185667.0,-0.08852,76.0,183.5,9.4,125.2,122.2,0.0025,2.0
2010-07-01,2.9070000648498535,23.5,81.54000091552734,217.605,90.378,221.363,9.4,64.6,130420.0,16872.266,292044.0,187506.0,-0.10775,67.8,184.1,9.4,125.2,122.0,,
2010-08-01,2.4769999980926514,26.049999237060547,83.19999694824219,217.923,90.502,221.509,9.5,64.7,130423.0,16872.266,293856.0,191745.0,-0.3016,68.9,184.9,9.5,125.7,123.0,0.0025,2.0
2010-09-01,2.5169999599456787,23.700000762939453,78.72000122070312,218.275,90.592,221.711,9.5,64.6,130340.0,16872.266,296092.0,201932.0,-0.30785,68.2,184.9,9.5,125.7,123.7,0.0025,2.0
2010-10-01,2.611999988555908,21.200000762939453,77.2699966430664,219.035,90.881,221.83,9.4,64.4,130620.0,16960.864,298553.0,193066.0,-0.40084,67.7,186.6,9.4,127.1,124.7,,
2010-11-01,2.796999931335449,23.540000915527344,81.19999694824219,219.59,91.062,222.149,9.8,64.6,130754.0,16960.864,301678.0,197202.0,-0.4806,71.6,187.7,9.8,129.2,126.6,0.0025,2.0
2010-12-01,3.305000066757202,17.75,79.02999877929688,220.472,91.268,222.343,9.3,64.3,130836.0,16960.864,303843.0,193452.0,-0.47973,74.5,189.7,9.3,131.0,127.5,0.0025,2.0
2011-01-01,3.378000020980835,19.530000686645508,77.73999786376953,221.187,91.542,222.803,9.1,64.2,130839.0,16920.632,305616.0,203636.0,-0.55201,74.2,192.7,9.1,133.0,129.1,0.0025,2.0
2011-02-01,3.4140000343322754,18.350000381469727,76.88999938964844,221.898,91.797,223.213,9.0,64.1,131054.0,16920.632,307697.0,196393.0,-0.61625,77.5,195.8,9.0,135.3,130.8,,
2011-03-01,3.4539999961853027,17.739999771118164,75.86000061035156,223.046,92.166,223.454,9.0,64.2,131278.0,16920.632,310925.0,212748.0,-0.59816,67.5,199.2,9.0,139.3,132.7,0.0025,2.0
2011-04-01,3.2960000038146973,14.75,72.93000030517578,224.093,92.557,223.727,9.1,64.2,131604.0,17035.114,313631.0,200733.0,-0.57466,69.8,203.1,9.1,142.9,133.8,0.0025,2.0
2011-05-01,3.049999952316284,15.449999809265137,74.63999938964844,224.806,92.838,224.175,9.0,64.1,131704.0,17035.114,314176.0,207170.0,-0.61329,74.3,204.1,9.0,143.1,134.3,,
2011-06-01,3.1579999923706055,16.520000457763672,74.30000305175781,224.806,92.819,224.697,9.1,64.0,131936.0,17035.114,316368.0,201579.0,-0.57237,71.5,203.9,9.1,142.2,134.5,0.0025,2.0
2011-07-01,2.805000066757202,25.25,73.9000015258789,225.395,92.977,225.218,9.0,64.0,131992.0,17031.313,316301.0,206458.0,-0.50886,63.7,204.6,9.0,142.4,134.0,,
2011-08-01,2.2179999351501465,31.6200008392334,74.12999725341797,226.106,93.196,225.862,9.0,64.1,132123.0,17031.313,317886.0,216705.0,-0.39336,55.8,203.2,9.0,141.9,134.6,0.0025,2.0
2011-09-01,1.9240000247955322,42.959999084472656,78.55000305175781,226.597,93.327,226.118,9.0,64.2,132346.0,17031.313,318694.0,204738.0,-0.09662,59.5,203.7,9.0,141.7,135.3,0.0025,2.0
2011-10-01,2.174999952316284,29.959999084472656,76.16999816894531,226.75,93.329,226.506,8.8,64.1,132557.0,17222.583,319967.0,210799.0,0.02119,60.8,201.1,8.8,141.2,132.6,,
2011-11-01,2.068000078201294,27.799999237060547,78.38999938964844,227.169,93.52,226.899,8.6,64.1,132701.0,17222.583,321051.0,215531.0,-0.06256,63.7,201.4,8.6,142.2,132.7,0.0025,2.0
2011-12-01,1.871000051498413,23.399999618530273,80.16999816894531,227.223,93.574,227.405,8.5,64.0,132902.0,17222.583,320025.0,223835.0,-0.00462,69.9,199.8,8.5,142.2,132.1,0.0025,2.0
2012-01-01,1.7990000247955322,19.440000534057617,79.27999877929688,227.842,93.894,227.877,8.3,63.7,133243.0,17367.01,323749.0,225940.0,-0.09475,75.0,200.7,8.3,142.2,132.5,0.0025,2.0
2012-02-01,1.9769999980926514,18.43000030517578,78.7300033569336,228.329,94.104,228.034,8.3,63.8,133521.0,17367.01,327635.0,226911.0,-0.298,75.3,201.6,8.3,142.2,133.1,,
2012-03-01,2.2160000801086426,15.5,78.93000030517578,228.807,94.284,228.478,8.2,63.8,133745.0,17367.01,328977.0,221801.0,-0.38293,76.2,204.2,8.2,144.2,134.1,0.0025,2.0
2012-04-01,1.9149999618530273,17.149999618530273,78.79000091552734,229.187,94.408,228.905,8.2,63.7,133828.0,17444.525,327035.0,218681.0,-0.42667,76.4,203.7,8.2,144.1,134.7,0.0025,2.0
2012-05-01,1.5809999704360962,24.059999465942383,83.04000091552734,228.713,94.302,229.224,8.2,63.7,133935.0,17444.525,325534.0,219765.0,-0.3586,79.3,201.9,8.2,142.0,134.0,,
2012-06-01,1.659000039100647,17.079999923706055,81.6500015258789,228.524,94.254,229.623,8.2,63.8,134008.0,17444.525,323209.0,217652.0,-0.20648,73.2,199.8,8.2,138.7,131.7,0.0025,2.0
2012-07-01,1.4919999837875366,18.93000030517578,82.63999938964844,228.59,94.288,229.97,8.2,63.7,134153.0,17469.65,324217.0,222748.0,-0.25549,72.3,200.1,8.2,137.7,132.2,,
2012-08-01,1.562000036239624,17.469999313354492,81.25,229.918,94.605,230.233,8.1,63.5,134329.0,17469.65,328229.0,199963.0,-0.33905,74.3,202.7,8.1,139.4,133.4,0.0025,2.0
2012-09-01,1.6369999647140503,15.729999542236328,79.94000244140625,231.015,94.893,230.659,7.8,63.6,134512.0,17469.65,330154.0,217090.0,-0.43357,78.3,204.4,7.8,140.8,134.5,0.0025,2.0
2012-10-01,1.6859999895095825,18.600000381469727,79.91999816894531,231.638,95.174,231.024,7.8,63.8,134672.0,17489.852,330617.0,218522.0,-0.50855,82.6,203.5,7.8,141.2,134.6,0.0025,2.0
2012-11-01,1.6059999465942383,15.869999885559082,80.1500015258789,231.249,95.109,231.33,7.7,63.6,134831.0,17489.852,331477.0,217446.0,-0.52892,82.7,201.8,7.7,140.2,133.8,,
2012-12-01,1.75600004196167,18.020000457763672,79.7699966430664,231.221,95.094,231.725,7.9,63.7,135074.0,17489.852,331870.0,230814.0,-0.53563,72.9,201.5,7.9,139.4,133.6,0.0025,2.0
2013-01-01,1.9850000143051147,14.279999732971191,79.20999908447266,231.679,95.275,232.229,8.0,63.7,135263.0,17662.4,334400.0,223067.0,-0.58292,73.8,202.5,8.0,140.1,134.1,0.0025,2.0
2013-02-01,1.8880000114440918,15.510000228881836,81.9800033569336,232.937,95.614,232.569,7.7,63.4,135548.0,17662.4,338184.0,234600.0,-0.63194,77.6,204.3,7.7,141.3,135.1,,
2013-03-01,1.8519999980926514,12.699999809265137,82.98999786376953,232.282,95.488,232.794,7.5,63.3,135690.0,17662.4,335983.0,217165.0,-0.63717,78.6,204.0,7.5,141.2,134.4,0.0025,2.0
2013-04-01,1.6749999523162842,13.520000457763672,81.7300033569336,231.797,95.391,232.832,7.6,63.4,135876.0,17709.671,333501.0,226738.0,-0.65596,76.4,203.5,7.6,140.2,133.6,,
2013-05-01,2.1640000343322754,16.299999237060547,83.37999725341797,231.893,95.461,232.996,7.5,63.4,136090.0,17709.671,334517.0,236717.0,-0.70052,84.5,204.1,7.5,139.4,132.9,0.0025,2.0
2013-06-01,2.4779999256134033,16.860000610351562,83.16999816894531,232.445,95.673,233.35,7.5,63.4,136269.0,17709.671,334094.0,247187.0,-0.69067,84.1,204.3,7.5,138.8,132.8,0.0025,2.0
2013-07-01,2.5929999351501465,13.449999809265137,81.44999694824219,232.9,95.792,233.88,7.3,63.3,136391.0,17860.45,336438.0,220366.0,-0.61591,85.1,204.4,7.3,138.9,132.6,0.0025,2.0
2013-08-01,2.749000072479248,17.010000228881836,82.08999633789062,233.456,95.934,234.336,7.2,63.3,136634.0,17860.45,336043.0,224700.0,-0.65899,82.1,204.2,7.2,139.4,131.9,,
2013-09-01,2.615000009536743,16.600000381469727,80.22000122070312,233.544,95.976,234.7,7.2,63.2,136819.0,17860.45,337424.0,237681.0,-0.65468,77.5,203.9,7.2,139.8,132.4,0.0025,2.0
2013-10-01,2.5420000553131104,13.75,80.19999694824219,233.669,96.103,234.921,7.2,62.8,137039.0,18016.147,337726.0,232113.0,-0.67663,73.2,202.5,7.2,138.9,131.6,0.0025,2.0
2013-11-01,2.740999937057495,13.699999809265137,80.68000030517578,234.1,96.246,235.359,6.9,63.0,137312.0,18016.147,338653.0,243262.0,-0.74897,75.1,201.2,6.9,137.7,131.8,,
2013-12-01,3.0260000228881836,13.720000267028809,80.04000091552734,234.719,96.414,235.759,6.7,62.9,137367.0,18016.147,341288.0,237972.0,-0.78511,82.5,202.0,6.7,137.8,132.3,0.0025,2.0
2014-01-01,2.6679999828338623,18.40999984741211,81.2699966430664,235.288,96.614,235.961,6.6,62.9,137551.0,17953.974,339861.0,224410.0,-0.79717,81.2,203.8,6.6,138.3,132.7,0.0025,2.0
2014-02-01,2.6579999923706055,14.0,79.77999877929688,235.547,96.66,236.185,6.7,62.9,137710.0,17953.974,343185.0,231734.0,-0.75986,81.6,205.7,6.7,139.8,133.7,,
2014-03-01,2.7230000495910645,13.880000114440918,80.0999984741211,236.028,96.815,236.625,6.7,63.1,137987.0,17953.974,344720.0,235757.0,-0.77676,80.0,207.0,6.7,140.5,134.9,0.0025,2.0
2014-04-01,2.6480000019073486,13.40999984741211,79.48999786376953,236.468,96.987,237.072,6.2,62.8,138298.0,18185.911,347671.0,237607.0,-0.77817,84.1,208.3,6.2,139.7,133.5,0.0025,2.0
2014-05-01,2.4570000171661377,11.399999618530273,80.37000274658203,236.918,97.147,237.529,6.3,62.9,138500.0,18185.911,348290.0,234339.0,-0.77265,81.9,208.0,6.3,140.1,133.7,,
2014-06-01,2.5160000324249268,11.569999694824219,79.77999877929688,237.231,97.253,237.837,6.1,62.8,138833.0,18185.911,349161.0,238210.0,-0.79824,82.5,208.3,6.1,140.5,133.0,0.0025,2.0
2014-07-01,2.555999994277954,16.950000762939453,81.45999908447266,237.498,97.391,238.195,6.2,62.9,139076.0,18406.941,349501.0,299869.0,-0.80014,81.8,208.0,6.2,140.1,133.1,0.0025,2.0
2014-08-01,2.3429999351501465,12.09000015258789,82.75,237.46,97.379,238.405,6.1,62.9,139257.0,18406.941,352093.0,236049.0,-0.74805,82.5,207.0,6.1,139.0,132.4,,
2014-09-01,2.507999897003174,16.309999465942383,85.94000244140625,237.477,97.413,238.786,5.9,62.8,139564.0,18406.941,351980.0,236278.0,-0.7336,84.6,206.4,5.9,137.9,131.9,0.0025,2.0
2014-10-01,2.3350000381469727,14.029999732971191,86.87999725341797,237.43,97.384,239.191,5.7,62.9,139804.0,18500.031,353196.0,233042.0,-0.67965,86.9,203.4,5.7,136.0,130.7,0.0025,2.0
2014-11-01,2.194000005722046,13.329999923706055,88.36000061035156,236.983,97.291,239.458,5.8,62.9,140088.0,18500.031,353361.0,227299.0,-0.64861,88.8,200.9,5.8,133.5,129.5,,
2014-12-01,2.1700000762939453,19.200000762939453,90.2699966430664,236.252,97.12,239.584,5.6,62.8,140366.0,18500.031,351052.0,225089.0,-0.65674,93.6,197.0,5.6,130.1,128.3,0.0025,2.0
2015-01-01,1.6749999523162842,20.969999313354492,94.80000305175781,234.747,96.654,239.811,5.7,62.9,140562.0,18666.621,347543.0,226500.0,-0.57961,98.1,192.0,5.7,126.0,126.1,0.0025,2.0
2015-02-01,2.002000093460083,13.34000015258789,95.25,235.342,96.825,240.172,5.5,62.7,140831.0,18666.621,348097.0,217853.0,-0.51101,95.4,191.1,5.5,125.5,125.9,,
2015-03-01,1.934000015258789,15.289999961853027,98.36000061035156,235.976,97.008,240.755,5.4,62.6,140925.0,18666.621,350761.0,229820.0,-0.53536,93.0,191.5,5.4,125.3,125.9,0.0025,2.0
2015-04-01,2.0460000038146973,14.550000190734863,94.5999984741211,236.222,97.094,241.346,5.4,62.8,141202.0,18782.243,351115.0,226217.0,-0.54513,95.9,190.9,5.4,125.1,125.1,0.0025,2.0
2015-05-01,2.0950000286102295,13.84000015258789,96.91000366210938,237.001,97.327,241.688,5.6,62.9,141539.0,18782.243,353644.0,217855.0,-0.54995,90.7,193.4,5.6,126.5,125.7,,
2015-06-01,2.3350000381469727,18.229999542236328,95.48999786376953,237.657,97.516,242.064,5.3,62.7,141695.0,18782.243,354174.0,229732.0,-0.5466,96.1,194.8,5.3,126.6,125.3,0.0025,2.0
2015-07-01,2.2049999237060547,12.119999885559082,97.37000274658203,238.034,97.605,242.565,5.2,62.6,141989.0,18857.418,357476.0,227727.0,-0.53679,93.1,193.9,5.2,125.4,124.8,0.0025,2.0
2015-08-01,2.200000047683716,28.43000030517578,95.94999694824219,238.033,97.612,242.817,5.1,62.6,142130.0,18857.418,356955.0,222828.0,-0.50453,91.9,191.9,5.1,123.2,123.0,,
2015-09-01,2.059999942779541,24.5,96.3499984741211,237.498,97.477,243.316,5.0,62.4,142265.0,18857.418,354397.0,217818.0,-0.4175,87.2,189.1,5.0,121.9,122.3,0.0025,2.0
2015-10-01,2.1510000228881836,15.069999694824219,96.94999694824219,237.733,97.477,243.768,5.0,62.5,142584.0,18892.206,354008.0,226413.0,-0.40925,90.0,187.5,5.0,121.5,122.0,0.0025,2.0
2015-11-01,2.2179999351501465,16.1299991607666,100.16999816894531,238.017,97.538,244.241,5.1,62.5,142810.0,18892.206,354712.0,222400.0,-0.47895,91.3,185.7,5.1,120.8,121.1,,
2015-12-01,2.2690000534057617,18.209999084472656,98.62999725341797,237.761,97.456,244.547,5.0,62.7,143083.0,18892.206,357016.0,218027.0,-0.46086,92.6,183.5,5.0,119.3,119.8,0.005,3.0
2016-01-01,1.930999994277954,20.200000762939453,99.61000061035156,237.652,97.496,244.955,4.8,62.7,143196.0,19001.69,354186.0,229203.0,-0.35477,92.0,182.6,4.8,117.8,118.7,0.005,2.0
2016-02-01,1.7400000095367432,20.549999237060547,98.20999908447266,237.336,97.445,245.51,4.9,62.8,143411.0,19001.69,356316.0,217223.0,-0.30003,91.7,181.3,4.9,117.2,118.2,,
2016-03-01,1.7860000133514404,13.949999809265137,94.58999633789062,238.08,97.673,245.913,5.0,63.0,143666.0,19001.69,356820.0,218868.0,-0.32103,91.0,182.1,5.0,117.7,118.1,0.005,2.0
2016-04-01,1.819000005722046,15.699999809265137,93.08000183105469,238.992,97.993,246.551,5.1,62.9,143856.0,19062.709,358400.0,230281.0,-0.38936,89.0,183.2,5.1,118.5,118.7,0.005,2.0
2016-05-01,1.8339999914169312,14.1899995803833,95.88999938964844,239.557,98.153,247.137,4.8,62.7,143901.0,19062.709,359692.0,222761.0,-0.38698,94.7,185.3,4.8,119.9,120.0,,
2016-06-01,1.4880000352859497,15.630000114440918,96.13999938964844,240.222,98.325,247.54,4.9,62.7,144152.0,19062.709,363863.0,207430.0,-0.37472,93.5,187.6,4.9,120.7,120.9,0.005,2.0
2016-07-01,1.4579999446868896,11.869999885559082,95.52999877929688,240.101,98.342,247.829,4.8,62.8,144515.0,19197.938,361779.0,215715.0,-0.33849,90.0,187.7,4.8,120.8,121.1,0.005,2.0
2016-08-01,1.5679999589920044,13.420000076293945,96.0199966430664,240.545,98.479,248.423,4.9,62.9,144664.0,19197.938,361951.0,218051.0,-0.34918,89.8,186.6,4.9,120.5,120.1,,
2016-09-01,1.6080000400543213,13.289999961853027,95.45999908447266,241.176,98.666,248.842,5.0,62.9,144961.0,19197.938,364054.0,216921.0,-0.34168,91.2,186.9,5.0,120.6,120.5,0.005,2.0
2016-10-01,1.8339999914169312,17.059999465942383,98.44999694824219,241.741,98.868,249.142,4.9,62.8,145069.0,19304.352,365338.0,233645.0,-0.3191,87.2,186.7,4.9,121.2,120.7,,
2016-11-01,2.368000030517578,13.329999923706055,101.5,242.026,98.901,249.481,4.7,62.7,145188.0,19304.352,365542.0,215307.0,-0.35972,93.8,186.3,4.7,121.1,120.8,0.005,2.0
2016-12-01,2.446000099182129,14.039999961853027,102.38999938964844,242.637,99.071,249.92,4.7,62.7,145410.0,19304.352,368424.0,219170.0,-0.41899,98.2,188.2,4.7,121.6,121.3,0.0075,3.0
2017-01-01,2.4509999752044678,11.989999771118164,99.51000213623047,243.618,99.451,250.467,4.7,62.8,145636.0,19398.343,373649.0,219738.0,-0.45534,98.5,190.7,4.7,122.3,121.6,,
2017-02-01,2.3580000400543213,12.920000076293945,101.12000274658203,244.006,99.586,250.998,4.6,62.9,145848.0,19398.343,374178.0,221923.0,-0.47395,96.3,191.6,4.6,122.7,122.0,0.0075,2.0
2017-03-01,2.3959999084472656,12.369999885559082,100.3499984741211,243.892,99.535,250.944,4.4,62.9,145976.0,19398.343,375324.0,223132.0,-0.46913,96.9,191.5,4.4,122.5,122.1,0.01,3.0
2017-04-01,2.2820000648498535,10.819999694824219,99.05000305175781,244.193,99.725,251.227,4.4,63.0,146173.0,19506.949,376592.0,225070.0,-0.45842,97.0,193.0,4.4,122.8,122.4,,
2017-05-01,2.196000099182129,10.40999984741211,96.91999816894531,244.004,99.682,251.43,4.4,62.8,146389.0,19506.949,373836.0,222436.0,-0.48537,97.1,192.8,4.4,122.7,121.7,0.01,2.0
2017-06-01,2.302000045776367,11.180000305175781,95.66000366210938,244.163,99.766,251.746,4.3,62.8,146588.0,19506.949,374836.0,236645.0,-0.52973,95.0,193.6,4.3,122.4,121.6,0.0125,3.0
2017-07-01,2.2920000553131104,10.260000228881836,92.86000061035156,244.243,99.803,251.985,4.3,62.9,146772.0,19660.766,374694.0,217820.0,-0.5568,93.4,193.5,4.3,122.2,122.2,0.0125,2.0
2017-08-01,2.121000051498413,10.59000015258789,92.66999816894531,245.183,100.027,252.535,4.4,62.9,146907.0,19660.766,377727.0,222295.0,-0.57015,96.8,193.8,4.4,122.9,122.9,,
2017-09-01,2.3259999752044678,9.510000228881836,93.08000183105469,246.435,100.4,252.812,4.3,63.1,146999.0,19660.766,383328.0,228172.0,-0.54378,95.1,194.8,4.3,123.9,123.9,0.0125,2.0
2017-10-01,2.375999927520752,10.180000305175781,94.55000305175781,246.626,100.531,253.526,4.2,62.7,147146.0,19882.352,383302.0,228049.0,-0.565,100.7,194.9,4.2,124.1,124.0,,
2017-11-01,2.4170000553131104,11.279999732971191,93.01000213623047,247.284,100.675,253.816,4.2,62.7,147375.0,19882.352,389356.0,229799.0,-0.59729,98.5,195.9,4.2,125.3,124.6,0.0125,2.0
2017-12-01,2.4049999713897705,11.039999961853027,92.12000274658203,247.805,100.821,254.344,4.1,62.7,147521.0,19882.352,392099.0,240218.0,-0.61292,95.9,196.3,4.1,125.5,124.7,0.015,3.0
2018-01-01,2.7200000286102295,13.539999961853027,89.12999725341797,248.859,101.199,255.204,4.0,62.7,147667.0,20044.077,390478.0,227080.0,-0.62306,95.7,197.9,4.0,126.5,125.6,0.015,2.0
2018-02-01,2.868000030517578,19.850000381469727,90.61000061035156,249.529,101.416,255.711,4.1,63.0,148054.0,20044.077,393621.0,235442.0,-0.60727,99.7,199.3,4.1,126.8,125.8,,
2018-03-01,2.740999937057495,19.969999313354492,89.97000122070312,249.577,101.524,256.271,4.0,62.9,148280.0,20044.077,393112.0,243135.0,-0.53621,101.4,199.3,4.0,126.5,126.3,0.0175,3.0
2018-04-01,2.936000108718872,15.930000305175781,91.83999633789062,250.227,101.766,256.63,4.0,62.9,148426.0,20150.476,394497.0,242184.0,-0.48027,98.8,200.3,4.0,127.1,126.9,,
2018-05-01,2.822000026702881,15.430000305175781,93.98999786376953,250.792,101.941,257.145,3.8,62.9,148755.0,20150.476,400155.0,241312.0,-0.52044,98.0,203.2,3.8,128.2,127.8,0.0175,2.0
2018-06-01,2.8489999771118164,16.09000015258789,94.62999725341797,251.018,102.029,257.399,4.0,63.0,148968.0,20150.476,398827.0,240396.0,-0.53407,98.2,204.2,4.0,128.2,128.0,0.02,3.0
2018-07-01,2.9639999866485596,12.829999923706055,94.48999786376953,251.214,102.137,257.699,3.8,63.0,149023.0,20276.154,401378.0,233263.0,-0.51093,97.9,204.3,3.8,128.1,127.4,,
2018-08-01,2.8529999256134033,12.859999656677246,95.13999938964844,251.663,102.208,257.891,3.8,62.6,149274.0,20276.154,401912.0,243656.0,-0.54026,96.2,203.4,3.8,127.6,127.3,0.02,2.0
2018-09-01,3.055999994277954,12.119999885559082,95.19000244140625,252.182,102.418,258.368,3.7,62.8,149361.0,20276.154,400619.0,244691.0,-0.57856,100.1,203.6,3.7,127.7,127.3,0.0225,3.0
2018-10-01,3.1589999198913574,21.229999542236328,97.12999725341797,252.772,102.595,258.917,3.8,62.9,149525.0,20304.874,405531.0,236072.0,-0.57745,98.6,204.6,3.8,128.3,127.9,,
2018-11-01,3.013000011444092,18.06999969482422,97.2699966430664,252.594,102.63,259.439,3.8,62.9,149622.0,20304.874,406156.0,232640.0,-0.52552,97.5,202.3,3.8,126.2,126.9,0.0225,2.0
2018-12-01,2.686000108718872,25.420000076293945,96.16999816894531,252.767,102.701,260.063,3.9,63.0,149804.0,20304.874,394765.0,239442.0,-0.42972,98.3,201.0,3.9,124.4,126.1,0.025,3.0
2019-01-01,2.634999990463257,16.56999969482422,95.58000183105469,252.561,102.648,260.766,4.0,63.1,150062.0,20431.641,400975.0,232853.0,-0.38716,91.2,199.1,4.0,124.6,125.3,0.025,2.0
2019-02-01,2.7109999656677246,14.779999732971191,96.16000366210938,253.319,102.836,261.186,3.8,63.1,150067.0,20431.641,400446.0,227669.0,-0.50863,93.8,199.2,3.8,125.9,126.1,,
2019-03-01,2.4140000343322754,13.710000038146973,97.27999877929688,254.277,103.069,261.567,3.8,63.0,150294.0,20431.641,405566.0,237072.0,-0.57727,98.4,200.8,3.8,126.6,127.0,0.025,2.0
2019-04-01,2.509000062942505,13.119999885559082,97.4800033569336,255.233,103.36,261.997,3.7,62.8,150602.0,20602.275,408179.0,228770.0,-0.5949,97.2,202.1,3.7,126.8,127.1,,
2019-05-01,2.1419999599456787,18.709999084472656,97.75,255.296,103.435,262.217,3.6,62.9,150640.0,20602.275,409972.0,220441.0,-0.60674,100.0,201.7,3.6,127.0,126.7,0.025,2.0
2019-06-01,2.0,15.079999923706055,96.12999725341797,255.213,103.484,262.739,3.6,63.0,150844.0,20602.275,411009.0,219395.0,-0.5692,98.2,200.3,3.6,125.6,126.0,0.025,2.0
2019-07-01,2.0209999084472656,16.1200008392334,98.5199966430664,255.802,103.622,263.28,3.7,63.1,150934.0,20843.322,414802.0,224705.0,-0.56462,98.4,200.7,3.7,125.6,126.2,0.0225,1.0
2019-08-01,1.50600004196167,18.979999542236328,98.91999816894531,256.036,103.67,263.877,3.6,63.1,151155.0,20843.322,415683.0,226911.0,-0.57135,89.8,199.2,3.6,124.9,125.5,,
2019-09-01,1.6749999523162842,16.239999771118164,99.37999725341797,256.43,103.733,264.388,3.5,63.2,151358.0,20843.322,414939.0,221398.0,-0.51483,93.2,198.4,3.5,125.0,125.1,0.02,1.0
2019-10-01,1.690999984741211,13.220000267028809,97.3499984741211,257.155,103.917,264.97,3.6,63.3,151458.0,20985.448,416565.0,221854.0,-0.49762,95.5,198.6,3.6,124.5,125.1,0.0175,1.0
2019-11-01,1.7760000228881836,12.619999885559082,98.2699966430664,257.879,104.024,265.548,3.6,63.3,151666.0,20985.448,417162.0,213862.0,-0.54431,96.8,199.0,3.6,124.7,125.2,,
2019-12-01,1.9190000295639038,13.779999732971191,96.38999938964844,258.63,104.307,266.02,3.6,63.3,151792.0,20985.448,421008.0,216524.0,-0.55742,99.3,199.0,3.6,125.0,125.0,0.0175,2.0
2020-01-01,1.5199999809265137,18.84000015258789,97.38999938964844,258.906,104.419,266.698,3.6,63.3,152045.0,20693.238,423094.0,229093.0,-0.53818,99.8,199.3,3.6,125.2,125.8,0.0175,2.0
2020-02-01,1.1269999742507935,40.11000061035156,98.12999725341797,259.246,104.541,267.402,3.5,63.3,152309.0,20693.238,422416.0,236175.0,-0.61375,101.0,196.7,3.5,124.3,124.3,,
2020-03-01,0.6980000138282776,53.540000915527344,99.05000305175781,258.15,104.252,267.068,4.4,62.6,150898.0,20693.238,401728.0,201235.0,-0.31534,89.1,193.1,4.4,121.3,122.5,0.0025,1.0
2020-03-01,0.6980000138282776,53.540000915527344,99.05000305175781,258.15,104.252,267.068,4.4,62.6,150898.0,20693.238,401728.0,201235.0,-0.31534,89.1,193.1,4.4,121.3,122.5,0.0125,1.0
2020-04-01,0.621999979019165,34.150001525878906,99.0199966430664,256.126,103.817,265.796,14.8,60.1,130421.0,19056.617,342849.0,161041.0,0.37584,71.8,185.5,14.8,118.2,118.2,0.0025,2.0
2020-05-01,0.6480000019073486,27.510000228881836,98.33999633789062,255.848,103.914,265.461,13.2,60.8,133040.0,19056.617,386584.0,180205.0,0.11982,72.3,188.6,13.2,119.0,118.2,,
2020-06-01,0.652999997138977,30.43000030517578,97.38999938964844,257.004,104.233,265.839,11.0,61.5,137655.0,19056.617,420143.0,196254.0,-0.24959,78.1,191.2,11.0,120.6,120.3,0.0025,2.0
2020-07-01,0.5360000133514404,24.459999084472656,93.48999786376953,258.408,104.564,267.373,10.2,61.5,139240.0,20548.793,429142.0,218792.0,-0.3709,72.5,193.0,10.2,122.1,121.5,0.0025,2.0
2020-08-01,0.6930000185966492,26.40999984741211,92.13999938964844,259.366,104.887,268.39,8.4,61.7,140774.0,20548.793,433213.0,223081.0,-0.47663,74.1,194.3,8.4,123.2,122.1,,
2020-09-01,0.6769999861717224,26.3700008392334,93.88999938964844,259.951,105.046,268.9,7.8,61.5,141820.0,20548.793,440259.0,223838.0,-0.50353,80.4,195.5,7.8,123.4,122.8,0.0025,2.0
2020-10-01,0.8600000143051147,38.02000045776367,94.04000091552734,260.249,105.106,269.28,6.8,61.7,142493.0,20771.691,438994.0,231044.0,-0.48435,81.8,196.5,6.8,123.3,123.0,,
2020-11-01,0.843999981880188,20.56999969482422,91.87000274658203,260.895,105.225,269.967,6.7,61.5,142761.0,20771.691,435206.0,231610.0,-0.48892,76.9,198.3,6.7,123.4,124.0,0.0025,2.0
2020-12-01,0.9169999957084656,22.75,89.94000244140625,262.005,105.69,270.34,6.7,61.5,142518.0,20771.691,437961.0,234080.0,-0.55751,80.7,200.5,6.7,124.6,125.5,0.0025,2.0
2021-01-01,1.093000054359436,33.09000015258789,90.58000183105469,262.518,106.083,270.422,6.4,61.3,142916.0,21058.379,456234.0,245054.0,-0.5992,79.0,204.8,6.4,126.5,128.9,0.0025,2.0
2021-02-01,1.4600000381469727,27.950000762939453,90.93000030517578,263.583,106.471,270.813,6.2,61.4,143443.0,21058.379,444792.0,246694.0,-0.61113,76.8,210.6,6.2,128.0,131.0,,
2021-03-01,1.746000051498413,19.399999618530273,93.2300033569336,264.91,107.032,271.461,6.1,61.5,144274.0,21058.379,485780.0,249140.0,-0.61933,84.9,215.0,6.1,129.9,134.3,0.0025,2.0
2021-04-01,1.63100004196167,18.610000610351562,91.27999877929688,266.752,107.632,273.665,6.1,61.6,144593.0,21389.005,488795.0,247400.0,-0.63954,88.3,217.9,6.1,131.1,135.9,0.0025,2.0
2021-05-01,1.5809999704360962,16.760000228881836,89.83999633789062,268.452,108.184,275.494,5.8,61.5,145044.0,21389.005,485306.0,248259.0,-0.67734,82.9,224.9,5.8,132.8,139.0,,
2021-06-01,1.4429999589920044,15.829999923706055,92.44000244140625,270.664,108.748,277.585,5.9,61.7,145822.0,21389.005,495623.0,249305.0,-0.69265,85.5,228.9,5.9,134.2,140.6,0.0025,2.0
2021-07-01,1.2389999628067017,18.239999771118164,92.16999816894531,271.994,109.275,278.612,5.4,61.8,146761.0,21571.421,490570.0,253770.0,-0.68738,81.2,231.85,5.4,134.6,142.1,0.0025,2.0
2021-08-01,1.3040000200271606,16.479999542236328,92.62999725341797,272.789,109.72,278.993,5.1,61.8,147226.0,21571.421,497954.0,260230.0,-0.64675,70.3,233.415,5.1,134.3,142.4,,
2021-09-01,1.5290000438690186,23.139999389648438,94.25,273.887,110.047,279.71,4.7,61.7,147706.0,21571.421,500530.0,251271.0,-0.63549,72.8,235.678,4.7,134.9,142.8,0.0025,2.0
2021-10-01,1.5570000410079956,16.260000228881836,94.12000274658203,276.434,110.741,281.623,4.5,61.8,148566.0,21960.388,508378.0,257877.0,-0.64457,71.7,240.465,4.5,136.9,145.5,,
2021-11-01,1.4429999589920044,27.190000534057617,95.98999786376953,278.799,111.51,283.393,4.1,61.9,149197.0,21960.388,513205.0,263631.0,-0.62456,67.4,243.287,4.1,137.9,146.5,0.0025,2.0
2021-12-01,1.5119999647140503,17.219999313354492,95.66999816894531,280.808,112.221,285.221,3.9,62.0,149763.0,21960.388,510926.0,266894.0,-0.5413,70.6,241.338,3.9,137.4,144.2,0.0025,2.0
2022-01-01,1.781999945640564,24.829999923706055,96.54000091552734,282.39,112.776,286.811,4.0,62.2,150014.0,21903.85,515204.0,274707.0,-0.54896,67.2,246.453,4.0,140.1,148.2,0.0025,2.0
2022-02-01,1.8389999866485596,30.149999618530273,96.70999908447266,284.535,113.489,288.287,3.8,62.2,150876.0,21903.85,520961.0,271418.0,-0.52673,62.8,252.66,3.8,142.6,153.0,,
2022-03-01,2.3269999027252197,20.559999465942383,98.30999755859375,287.553,114.489,289.041,3.6,62.3,151370.0,21903.85,535564.0,271005.0,-0.41431,59.4,260.014,3.6,146.8,159.0,0.005,3.0
2022-04-01,2.88700008392334,33.400001525878906,102.95999908447266,288.764,114.845,290.515,3.7,62.2,151642.0,21919.222,542369.0,272987.0,-0.35536,65.2,265.31,3.7,147.5,160.6,,
2022-05-01,2.8440001010894775,26.190000534057617,101.75,291.359,115.542,292.072,3.6,62.3,151928.0,21919.222,545667.0,271508.0,-0.3027,58.4,273.251,3.6,148.2,164.9,0.01,3.0
2022-06-01,2.9719998836517334,28.709999084472656,104.69000244140625,294.996,116.631,293.972,3.6,62.2,152348.0,21919.222,550125.0,272166.0,-0.2372,50.0,280.251,3.6,148.5,166.7,0.0175,3.0
2022-07-01,2.6419999599456787,21.329999923706055,105.9000015258789,294.977,116.662,295.055,3.5,62.1,153038.0,22066.784,547617.0,276260.0,-0.14379,51.5,272.274,3.5,146.4,160.5,0.025,3.0
2022-08-01,3.132999897003174,25.8700008392334,108.69999694824219,295.209,117.002,296.569,3.6,62.4,153281.0,22066.784,548150.0,276622.0,-0.23419,58.2,269.546,3.6,144.6,158.3,,
2022-09-01,3.803999900817871,31.6200008392334,112.12000274658203,296.341,117.377,298.284,3.5,62.3,153536.0,22066.784,547395.0,271946.0,-0.23949,58.6,267.898,3.5,143.1,156.8,0.0325,3.0
2022-10-01,4.077000141143799,25.8799991607666,111.52999877929688,297.863,117.891,299.351,3.6,62.3,153897.0,22249.459,553149.0,279629.0,-0.10373,59.9,265.061,3.6,142.7,156.0,,
2022-11-01,3.703000068664551,20.579999923706055,105.94999694824219,298.648,118.221,300.292,3.6,62.1,154155.0,22249.459,547867.0,273100.0,-0.14415,56.7,263.157,3.6,141.6,155.4,0.04,3.0
2022-12-01,3.878999948501587,21.670000076293945,103.5199966430664,298.812,118.403,301.423,3.5,62.3,154291.0,22249.459,544358.0,278589.0,-0.21213,59.8,257.897,3.5,141.8,150.8,0.045,3.0
2023-01-01,3.5290000438690186,19.399999618530273,102.0999984741211,300.356,119.007,302.709,3.4,62.4,154773.0,22403.435,560045.0,280844.0,-0.24783,64.9,260.227,3.4,141.3,151.1,,
2023-02-01,3.9159998893737793,20.700000762939453,104.87000274658203,301.509,119.401,304.124,3.6,62.5,155060.0,22403.435,555928.0,274314.0,-0.34378,66.9,258.669,3.6,141.0,151.7,0.0475,3.0
2023-03-01,3.49399995803833,18.700000762939453,102.51000213623047,301.744,119.553,305.112,3.5,62.6,155206.0,22403.435,549907.0,280718.0,-0.28175,62.0,257.062,3.5,139.9,151.1,0.05,3.0
2023-04-01,3.4519999027252197,15.779999732971191,101.66999816894531,303.032,119.97,306.539,3.4,62.6,155484.0,22539.418,552715.0,286759.0,-0.12963,63.7,256.908,3.4,140.3,151.0,,
2023-05-01,3.63700008392334,17.950000762939453,104.31999969482422,303.365,120.14,307.646,3.7,62.6,155787.0,22539.418,554719.0,287293.0,-0.23807,59.0,253.67,3.7,139.7,147.9,0.0525,3.0
2023-06-01,3.819000005722046,,102.91000366210938,304.003,120.435,308.245,3.6,62.6,156027.0,22539.418,555369.0,294857.0,-0.25015,64.2,253.86,3.6,139.4,147.0,0.0525,2.0
2023-07-01,3.9590001106262207,,101.86000061035156,304.628,120.598,308.945,3.5,62.6,156211.0,22780.933,558584.0,285827.0,-0.25795,71.5,253.835,3.5,139.4,147.5,0.055,3.0
2023-08-01,4.0929999351501465,,103.62000274658203,306.187,120.965,309.656,3.8,62.8,156421.0,22780.933,563381.0,285317.0,-0.31374,69.4,257.68,3.8,140.3,149.2,,
2023-09-01,4.572999954223633,,106.16999816894531,307.288,121.387,310.644,3.8,62.8,156667.0,22780.933,567782.0,290883.0,-0.36541,67.8,258.934,3.8,141.0,150.0,0.055,2.0
2023-10-01,4.875,,106.66000366210938,307.531,121.421,311.39,3.8,62.7,156832.0,22960.6,567104.0,279021.0,-0.34472,63.8,255.192,3.8,140.1,148.6,,
2023-11-01,4.3520002365112305,,103.5,308.024,121.415,312.349,3.7,62.8,157014.0,22960.6,567582.0,300639.0,-0.33328,61.3,252.856,3.7,139.4,147.5,0.055,2.0
2023-12-01,3.865999937057495,,101.33000183105469,308.742,121.602,313.209,3.7,62.5,157304.0,22960.6,569502.0,287397.0,-0.43539,69.7,249.866,3.7,138.4,146.5,0.055,2.0
2024-01-01,3.9670000076293945,,103.2699966430664,309.685,122.115,314.438,3.7,62.5,157560.0,23053.545,564886.0,276538.0,-0.48016,79.0,251.306,3.7,139.4,147.5,0.055,2.0
2024-02-01,4.251999855041504,,104.16000366210938,311.054,122.494,315.565,3.9,62.5,157796.0,23053.545,566846.0,279865.0,-0.48894,76.9,254.926,3.9,139.7,148.6,,
2024-03-01,4.205999851226807,,104.55000305175781,312.23,122.912,316.698,3.8,62.7,158106.0,23053.545,570253.0,282096.0,-0.48176,79.4,255.095,3.8,140.5,148.8,0.055,2.0
2024-04-01,4.685999870300293,,106.22000122070312,313.207,123.234,317.622,3.9,62.7,158214.0,23223.906,570577.0,282737.0,-0.4815,77.2,256.978,3.9,141.7,149.8,,
2024-05-01,4.571000099182129,,104.66999816894531,313.225,123.224,318.14,4.0,62.5,158430.0,23223.906,570764.0,282987.0,-0.47508,69.1,255.313,4.0,141.5,148.8,0.055,2.0
2024-06-01,,,105.87000274658203,313.049,123.369,318.346,4.1,62.6,158548.0,23223.906,573599.0,263541.0,-0.52367,68.2,255.914,4.1,141.6,148.4,0.055,2.0
2024-07-01,,,104.0999984741211,313.534,123.564,318.872,4.3,62.7,158692.0,23386.733,576484.0,289419.0,-0.51577,66.4,257.321,4.3,141.8,149.2,0.055,2.0
2024-08-01,,,101.69999694824219,314.121,123.708,319.768,4.2,62.7,158770.0,23386.733,576099.0,286955.0,-0.501,67.9,255.43,4.2,141.4,148.1,,
2024-09-01,,,100.77999877929688,314.686,123.931,320.767,4.1,62.7,159025.0,23386.733,581804.0,284843.0,-0.50505,70.1,252.69,4.1,140.8,147.2,0.05,1.0
2024-10-01,,,103.9800033569336,315.454,124.226,321.666,4.1,62.6,159061.0,23386.733,582521.0,286561.0,-0.52477,70.5,253.162,4.1,141.2,148.4,,
2024-11-01,,,105.73999786376953,316.441,124.226,322.657,4.2,62.5,159288.0,23386.733,582521.0,286561.0,-0.54064,70.5,253.406,,,,0.0475,1.0
2024-12-01,4.270999908447266,,106.70999908447266,,,,,,,,,,,,,,,,,
